ALTUL,ALTUL
ALFA ROMEO,ALTUL
ALFA ROMEO,159
ALFA ROMEO,BRERA
ALFA ROMEO,GIULIETTA
ALFA ROMEO,MITO
ALFA ROMEO,SPIDER
ALFA ROMEO,147
ALFA ROMEO,156
ALFA ROMEO,166
ALFA ROMEO,GT
ASTON MARTIN,ALTUL
ASTON MARTIN,CYGNET
ASTON MARTIN,DB7
ASTON MARTIN,DB9
ASTON MARTIN,DBS
ASTON MARTIN,ONE-77
ASTON MARTIN,RAPIDE
ASTON MARTIN,V12
ASTON MARTIN,V8
ASTON MARTIN,VANQUISH
ASTON MARTIN,VANTAGE
ASTON MARTIN,VIRAGE
ASTON MARTIN,ZAGATO
AUDI,ALTUL
AUDI,A1
AUDI,A2
AUDI,A3
AUDI,A4
AUDI,A5
AUDI,A6
AUDI,A7
AUDI,A8
AUDI,ALLROAD
AUDI,Q3
AUDI,Q5
AUDI,Q7
AUDI,R8
AUDI,S3
AUDI,S4
AUDI,S5
AUDI,S6
AUDI,S8
AUDI,TT
AUDI,TTS
BENTLEY,ALTUL
BENTLEY,ARNAGE
BENTLEY,AZURE
BENTLEY,BROOKLANDS
BENTLEY,CONTINENTAL
BENTLEY,FLYING
BENTLEY,MULSANNE
BMW,ALTUL
BMW,114
BMW,116
BMW,118
BMW,120
BMW,123
BMW,125
BMW,130
BMW,135
BMW,214
BMW,216
BMW,218
BMW,220
BMW,225
BMW,228
BMW,235
BMW,316
BMW,318
BMW,320
BMW,325
BMW,328
BMW,330
BMW,335
BMW,418
BMW,420
BMW,425
BMW,428
BMW,430
BMW,435
BMW,518
BMW,520
BMW,523
BMW,525
BMW,528
BMW,530
BMW,535
BMW,550
BMW,640
BMW,650
BMW,730
BMW,740
BMW,750
BMW,760
BMW,I3
BMW,I8
BMW,M3
BMW,M4
BMW,M5
BMW,M6
BMW,X1
BMW,X3
BMW,X4
BMW,X5
BMW,X6
BMW,Z3
BMW,Z3M
BMW,Z4
BMW,Z8
CADILLAC,ALTUL
CADILLAC,ATS
CADILLAC,BLS
CADILLAC,CTS
CADILLAC,CTS-V
CADILLAC,ESCALADE
CADILLAC,SEVILLE
CADILLAC,SRX
CADILLAC,STS
CADILLAC,STS-V
CADILLAC,XLR
CADILLAC,XLR-V
CARBODIES,ALTUL
CARBODIES,TX1
CARBODIES,TX1BVA
CHEVROLET,ALTUL
CHEVROLET,ALERO
CHEVROLET,AVEO
CHEVROLET,BLAZER
CHEVROLET,CAMARO
CHEVROLET,CAPTIVA
CHEVROLET,CORVETTE
CHEVROLET,CRUZE
CHEVROLET,EPICA
CHEVROLET,EVANDA
CHEVROLET,KALOS
CHEVROLET,LACETTI
CHEVROLET,MALIBU
CHEVROLET,MATIZ
CHEVROLET,NUBIRA
CHEVROLET,ORLANDO
CHEVROLET,REZZO
CHEVROLET,SPARK
CHEVROLET,TAHOE
CHEVROLET,TRAILBLAZER
CHEVROLET,TRANS
CHEVROLET,TRAX
CHEVROLET,VOLT
CHRYSLER,ALTUL
CHRYSLER,300
CHRYSLER,300C
CHRYSLER,300M
CHRYSLER,CROSSFIRE
CHRYSLER,GD
CHRYSLER,GRAND
CHRYSLER,PT
CHRYSLER,PTCRUISER
CHRYSLER,SEBRING
CHRYSLER,VOYAGER
CITROEN,ALTUL
CITROEN,BERLINGO
CITROEN,C-CROSSER
CITROEN,C-ZERO
CITROEN,C1
CITROEN,C2
CITROEN,C3
CITROEN,C4
CITROEN,C5
CITROEN,C6
CITROEN,C8
CITROEN,DS3
CITROEN,DS4
CITROEN,DS5
CITROEN,EVASION
CITROEN,GRAND
CITROEN,JUMPER
CITROEN,JUMPY
CITROEN,NEMO
CITROEN,SAXO
CITROEN,XSARA
DACIA,ALTUL
DACIA,DOKKER
DACIA,DUSTER
DACIA,LODGY
DACIA,LOGAN
DACIA,MCV
DACIA,PICK-UP
DACIA,SANDERO
DAEWOO,ALTUL
DAEWOO,KLAOS
DAEWOO,KORANDO
DAEWOO,LACETTI
DAEWOO,LANOS
DAEWOO,LEGANZA
DAEWOO,MATIZ
DAEWOO,MUSSO
DAEWOO,NUBIRA
DAEWOO,REXTON
DAEWOO,REZZO
DAIHATSU,ALTUL
DAIHATSU,CHARADE
DAIHATSU,COPEN
DAIHATSU,CUORE
DAIHATSU,GRAN
DAIHATSU,MATERIA
DAIHATSU,MOVE
DAIHATSU,SIRION
DAIHATSU,TERIOS
DAIHATSU,TREVIS
DAIHATSU,YRV
DAIHATSU,YRV4WD
DAIHATSU,YRVS
DAIHATSU,YRVX
DANGEL,ALTUL
DANGEL,BERLINGO
DANGEL,BIPPER
DANGEL,BOXER
DANGEL,DUCATO
DANGEL,EXPERT
DANGEL,JUMPER
DANGEL,JUMPY
DANGEL,NEMO
DANGEL,PARTNER
DANGEL,SCUDO
DANGEL,TOUS
DIJEAU CARROSSIER,ALTUL
DIJEAU CARROSSIER,BERLINGO
DIJEAU CARROSSIER,CADDY
DIJEAU CARROSSIER,DOBLO
DIJEAU CARROSSIER,KANGOO
DIJEAU CARROSSIER,PARTNER
DIJEAU CARROSSIER,TOURNEO
DODGE,ALTUL
DODGE,AVENGER
DODGE,CALIBER
DODGE,JOURNEY
DODGE,NITRO
DODGE,VIPER
FERRARI,ALTUL
FERRARI,360
FERRARI,456
FERRARI,458
FERRARI,575
FERRARI,612
FERRARI,CALIFORNIA
FERRARI,CHALLENGE
FERRARI,ENZO
FERRARI,F12
FERRARI,F430
FERRARI,LAFERRARI
FERRARI,SUPERAMERICA
FIAT,ALTUL
FIAT,500
FIAT,BARCHETTA
FIAT,BRAVA
FIAT,BRAVO
FIAT,CROMA
FIAT,CROSS
FIAT,DOBLO
FIAT,DUCATO
FIAT,FIORINO
FIAT,FREEMONT
FIAT,Grande
FIAT,IDEA
FIAT,LINEA
FIAT,MAREA
FIAT,MULTIPLA
FIAT,PALIO
FIAT,PANDA
FIAT,PUNTO
FIAT,QUBO
FIAT,SCUDO
FIAT,SEDICI
FIAT,SEICENTO
FIAT,STILO
FIAT,ULYSSE
FORD,ALTUL
FORD,AUTRE
FORD,B-MAX
FORD,C-MAX
FORD,COUGAR
FORD,ECOSPORT
FORD,EXPLORER
FORD,FIESTA
FORD,FOCUS
FORD,FUSION
FORD,GALAXY
FORD,GRAND
FORD,KA
FORD,KOMBI
FORD,KUGA
FORD,MONDEO
FORD,PUMA
FORD,S-MAX
FORD,SPORTKA
FORD,STREETKA
FORD,TOURNEO
FORD,TRANSIT
HONDA,ALTUL
HONDA,ACCORD
HONDA,CIVIC
HONDA,CR-V
HONDA,CR-Z
HONDA,FR-V
HONDA,HR-V
HONDA,INSIGHT
HONDA,JAZZ
HONDA,LEGEND
HONDA,NSX
HONDA,STREAM
HUMMER,ALTUL
HUMMER,H1
HUMMER,H2
HUMMER,H3
HYUNDAI,ALTUL
HYUNDAI,ACCENT
HYUNDAI,ATOS
HYUNDAI,AZERA
HYUNDAI,COUPE
HYUNDAI,ELANTRA
HYUNDAI,GALLOPER
HYUNDAI,GENESIS
HYUNDAI,GETZ
HYUNDAI,IX
HYUNDAI,IX20
HYUNDAI,MATRIX
HYUNDAI,SANTA
HYUNDAI,SATELLITE
HYUNDAI,SONATA
HYUNDAI,TERRACAN
HYUNDAI,TRAJET
HYUNDAI,TUCSON
HYUNDAI,VELOSTER
HYUNDAI,XG
HYUNDAI,i10
HYUNDAI,i20
HYUNDAI,i30
HYUNDAI,ix35
HYUNDAI,ix55
INFINITI,ALTUL
INFINITI,EX
INFINITI,FX
INFINITI,Q50
INFINITI,Q60
INFINITI,Q70
ISUZU,ALTUL
ISUZU,TROOPER
IVECO,ALTUL
IVECO,DAILY
JAGUAR,ALTUL
JAGUAR,F-TYPE
JAGUAR,S-TYPE
JAGUAR,SOVEREIGN
JAGUAR,SUPER
JAGUAR,X
JAGUAR,X-TYPE
JAGUAR,XF
JAGUAR,XFR
JAGUAR,XJ
JAGUAR,XJ6
JAGUAR,XJ8
JAGUAR,XJR
JAGUAR,XK
JEEP,ALTUL
JEEP,CHEROKEE
JEEP,COMMANDER
JEEP,COMPASS
JEEP,GRAND
JEEP,PATRIOT
JEEP,WRANGLER
KIA,ALTUL
KIA,CARENS
KIA,CARNIVAL
KIA,CEE'D
KIA,CERATO
KIA,MAGENTIS
KIA,NEW
KIA,OPIRUS
KIA,OPTIMA
KIA,PICANTO
KIA,RIO
KIA,SEPHIA
KIA,SHUMA
KIA,SORENTO
KIA,SOUL
KIA,SPORTAGE
KIA,VENGA
LADA,ALTUL
LADA,GRANTA
LADA,KALINA
LADA,LADA
LADA,NIVA
LADA,PRIORA
LAMBORGHINI,ALTUL
LAMBORGHINI,AVENTADOR
LAMBORGHINI,DIABLO
LAMBORGHINI,GALLARDO
LAMBORGHINI,HURACAN
LAMBORGHINI,MURCIELAGO
LANCIA,ALTUL
LANCIA,DELTA
LANCIA,FLAVIA
LANCIA,LYBRA
LANCIA,MUSA
LANCIA,PHEDRA
LANCIA,THEMA
LANCIA,THESIS
LANCIA,VOYAGER
LANCIA,Y
LANCIA,Ypsilon
LANCIA,Z
LAND ROVER,ALTUL
LAND ROVER,DEFENDER
LAND ROVER,DICOVERY
LAND ROVER,DISCOVERY
LAND ROVER,FREELANDER
LAND ROVER,RANGE
LEXUS,ALTUL
LEXUS,CT
LEXUS,GS
LEXUS,IS
LEXUS,LFA
LEXUS,LS
LEXUS,NX
LEXUS,RC
LEXUS,RX
LEXUS,SC
LEXUS,TOUS
LOTUS,ALTUL
LOTUS,ELISE
LOTUS,EVORA
LOTUS,EXIGE
LTI,ALTUL
LTI,TX1
LTI,TX11
MASERATI,ALTUL
MASERATI,3200
MASERATI,COUPE
MASERATI,GHIBLI
MASERATI,GRANCABRIO
MASERATI,GRANSPORT
MASERATI,GRANTURISMO
MASERATI,MC
MASERATI,QUATTROPORTE
MASERATI,SPYDER
MAYBACH,ALTUL
MAYBACH,MAYBACH
MAYBACH,TOUS
MAZDA,ALTUL
MAZDA,121
MAZDA,323
MAZDA,626
MAZDA,CX-5
MAZDA,CX-7
MAZDA,DEMIO
MAZDA,MAZDA
MAZDA,MAZDA2
MAZDA,MAZDA3
MAZDA,MAZDA5
MAZDA,MAZDA6
MAZDA,MPV
MAZDA,MX5
MAZDA,PREMACY
MAZDA,RX-8
MAZDA,TRIBUTE
MAZDA,XEDOS
MEGA,ALTUL
MEGA,MEGA
MERCEDES,ALTUL
MERCEDES,A
MERCEDES,B
MERCEDES,C
MERCEDES,CITAN
MERCEDES,CL
MERCEDES,CLA
MERCEDES,CLK
MERCEDES,CLS
MERCEDES,E
MERCEDES,G
MERCEDES,GL
MERCEDES,GLA
MERCEDES,GLK
MERCEDES,ML
MERCEDES,R
MERCEDES,S
MERCEDES,SL
MERCEDES,SLK
MERCEDES,SLR
MERCEDES,SLS
MERCEDES,SPRINTER
MERCEDES,V
MERCEDES,VANEO
MERCEDES,VIANO
MERCEDES,VITO
OPEL,ALTUL
OPEL,AGILA
OPEL,AMPERA
OPEL,ANTARA
OPEL,ASTRA
OPEL,COMBO
OPEL,CORSA
OPEL,FRONTERA
OPEL,MERIVA
OPEL,MOVANO
OPEL,OMEGA
OPEL,SIGNUM
OPEL,SPEEDSTER
OPEL,TIGRA
OPEL,VECTRA
OPEL,VIVARO
OPEL,ZAFIRA
RENAULT,ALTUL
RENAULT,AVANTIME
RENAULT,CAPTUR
RENAULT,CLIO
RENAULT,ESPACE
RENAULT,FLUENCE
RENAULT,GRAND
RENAULT,KANGOO
RENAULT,KOLEOS
RENAULT,LAGUNA
RENAULT,LATITUDE
RENAULT,MASTER
RENAULT,MEGANE
RENAULT,MODUS
RENAULT,SCENIC
RENAULT,THALIA
RENAULT,TRAFIC
RENAULT,Twingo
RENAULT,VEL
RENAULT,WIND
RENAULT,ZOE
TOYOTA,ALTUL
TOYOTA,AURIS
TOYOTA,HIACE
TOYOTA,RAV4
TOYOTA,iQ
TVR,ALTUL
TVR,CHIMAERA
VOLKSWAGEN,ALTUL
VOLKSWAGEN,BORA
VOLKSWAGEN,CADDY
VOLKSWAGEN,CALIFORNIA
VOLKSWAGEN,CARAVELLE
VOLKSWAGEN,CC
VOLKSWAGEN,COCCINELLE
VOLKSWAGEN,COMBI
VOLKSWAGEN,CRAFTER
VOLKSWAGEN,CROSS
VOLKSWAGEN,CROSSPOLO
VOLKSWAGEN,EOS
VOLKSWAGEN,FOX
VOLKSWAGEN,GOLF
VOLKSWAGEN,JETTA
VOLKSWAGEN,KOMBI
VOLKSWAGEN,LT
VOLKSWAGEN,LUPO
VOLKSWAGEN,MULTIVAN
VOLKSWAGEN,NEWBEETLE
VOLKSWAGEN,PASSAT
VOLKSWAGEN,PHAETON
VOLKSWAGEN,POLO
VOLKSWAGEN,SCIROCCO
VOLKSWAGEN,SHARAN
VOLKSWAGEN,TIGUAN
VOLKSWAGEN,TOUAREG
VOLKSWAGEN,TOURAN
VOLKSWAGEN,TOUREG
VOLKSWAGEN,TRANSPORT
VOLKSWAGEN,TRANSPORTER
VOLKSWAGEN,UP!
VOLVO,ALTUL
VOLVO,C30
VOLVO,C70
VOLVO,S40
VOLVO,S60
VOLVO,S80
VOLVO,V40
VOLVO,V50
VOLVO,V60
VOLVO,V70
VOLVO,XC60
VOLVO,XC70
VOLVO,XC90
